term,definition,link,introduced_by_card_id
pytest,"pytest is a Python testing framework that lets you write tests as plain functions using Python's built-in assert keyword, instead of subclassing a test-case class — it also finds and runs those tests automatically, with almost no setup.",https://docs.pytest.org/,1
unittest,"unittest is Python's built-in testing framework, and the one pytest is most often compared against. It requires writing tests as methods inside a class that subclasses TestCase, and checking results with methods like self.assertEqual() instead of plain assert.",https://docs.python.org/3/library/unittest.html,361
assert,"assert is a plain Python keyword, not something special to pytest, that a test uses to check a condition: if the expression after it is False the test fails right there, and if it's True nothing happens and the test just continues.",https://docs.python.org/3/reference/simple_stmts.html#the-assert-statement,1
test discovery,"Test discovery is how pytest finds your tests automatically, just by following naming conventions — files named test_*.py or *_test.py, functions named test_*, classes named Test* — with no manual registration or import list required.",https://docs.pytest.org/en/stable/explanation/goodpractices.html,65
fixture,"A fixture is a reusable setup function, marked with the @pytest.fixture decorator, that a test can pull in simply by naming it as one of the test function's own parameters — pytest matches that name and hands over whatever the fixture returns.",https://docs.pytest.org/en/stable/how-to/fixtures.html,74
assertion rewriting,"Assertion rewriting is pytest's trick of quietly rewriting your plain assert statements so that, when one fails, the error message shows the actual values involved (like 'assert 3 == 4') instead of just a bare, unhelpful 'AssertionError'.",https://docs.pytest.org/en/stable/how-to/assert.html,65
decorator,"A decorator is a Python feature written as @something placed directly above a function definition, which wraps or registers that function with extra behavior. @pytest.fixture is one example: it tells pytest to treat the function below it as a fixture rather than a regular helper.",https://docs.python.org/3/glossary.html#term-decorator,75
pip,pip is Python's package installer — the command-line tool you run (as in pip install pytest) to download and add a library like pytest to your Python environment.,https://pip.pypa.io/en/stable/,17
fixture scope,"A fixture's scope is the setting (`scope=`) that decides how often pytest rebuilds it — 'function' (the default) rebuilds it fresh for every single test, while 'class', 'module', and 'session' share one instance across a whole class, file, or entire test run respectively.",https://docs.pytest.org/en/stable/how-to/fixtures.html,152
session scope,"Session scope means a fixture is built exactly once for the entire pytest run and reused by every test that asks for it — fast, but tests share whatever state that one instance holds.",https://docs.pytest.org/en/stable/how-to/fixtures.html,152
class scope,"Class scope means a fixture is built once per test class and shared by every test method inside it, resetting when pytest moves to a different class.",https://docs.pytest.org/en/stable/how-to/fixtures.html,161
conftest.py,"conftest.py is a specially-named file pytest automatically loads — any fixture defined inside it becomes available to every test in that same folder (and its subfolders), with no import statement required.",https://docs.pytest.org/en/stable/reference/fixtures.html,169
tmp_path,"tmp_path is a built-in pytest fixture that hands each test a fresh, empty temporary directory (as a pathlib.Path) to read and write files in, so tests never touch or pollute your real project files.",https://docs.pytest.org/en/stable/how-to/tmp_path.html,187
capsys,"capsys is a built-in pytest fixture that captures whatever a test prints to stdout and stderr, so you can assert on printed output via capsys.readouterr() instead of only checking return values.",https://docs.pytest.org/en/stable/how-to/capture-stdout-stderr.html,196
monkeypatch,"monkeypatch is a built-in pytest fixture for safely changing things for the duration of one test — setting an environment variable, swapping out an object's attribute, or replacing a function — and automatically undoing it all once the test ends.",https://docs.pytest.org/en/stable/how-to/monkeypatch.html,205
yield fixture,"A yield fixture is a fixture function that uses `yield` instead of `return`: the code before yield runs as setup, the yielded value is handed to the test, and the code after yield runs as teardown once the test finishes.",https://docs.pytest.org/en/stable/how-to/fixtures.html,215
teardown,"Teardown is the cleanup code a fixture runs after a test is done using it — like closing a file or a database connection — and pytest guarantees it runs whether the test passed, failed, or raised an error.",https://docs.pytest.org/en/stable/how-to/fixtures.html,75
parametrize,"@pytest.mark.parametrize is a decorator that reruns one test function once for each value (or set of values) you give it, so you can cover many inputs without writing a near-duplicate test for each one.",https://docs.pytest.org/en/stable/how-to/parametrize.html,233
parametrized fixture,"A parametrized fixture is a fixture created with `@pytest.fixture(params=[...])` — pytest builds one instance per value in that list and reruns every test that uses the fixture once per instance, instead of just varying one test's own arguments.",https://docs.pytest.org/en/stable/how-to/fixtures.html,251
request.param,"Inside a parametrized fixture, request.param holds whichever single value from its params= list is being used for the current run — request itself is a built-in pytest fixture that gives you information about the currently-running test.",https://docs.pytest.org/en/stable/how-to/fixtures.html,252
marker,"A marker is a small tag you stick on a test with @pytest.mark.something — like @pytest.mark.skip or a custom name you invent — so pytest (or you, on the command line) can treat that test differently from the rest.",https://docs.pytest.org/en/stable/how-to/mark.html,318
skip,"@pytest.mark.skip tells pytest to not even run a test, unconditionally — useful for a test that's temporarily broken or not ready yet, without deleting it and losing the work.",https://docs.pytest.org/en/stable/how-to/skipping.html,301
skipif,"@pytest.mark.skipif(condition, reason=""...."") skips a test only when a condition you supply is true — the classic use is skipping a test that only makes sense on one operating system.",https://docs.pytest.org/en/stable/how-to/skipping.html,301
xfail,"@pytest.mark.xfail marks a test as expected to fail, usually because of a known bug — pytest still runs it, but reports it as 'xfailed' instead of failing the build over it.",https://docs.pytest.org/en/stable/how-to/skipping.html,309
XPASS,"XPASS (""unexpectedly passed"") is what pytest reports when a test marked xfail actually passes. It's a nudge to check whether the underlying bug got fixed and the marker can come off.",https://docs.pytest.org/en/stable/how-to/skipping.html,309
strict-markers,--strict-markers is a pytest command-line flag that turns any unregistered marker name into a hard error instead of a silent warning — it's how you catch a typo like @pytest.mark.slwo before it quietly does nothing.,https://docs.pytest.org/en/stable/how-to/mark.html,326
pytest.raises,"pytest.raises is a context manager — used as with pytest.raises(ValueError): — that asserts the code inside it raises exactly that exception. If nothing raises, or the wrong exception type raises, the test fails.",https://docs.pytest.org/en/stable/how-to/assert.html#assertions-about-expected-exceptions,334
excinfo,"excinfo is the object you get from with pytest.raises(...) as excinfo: — it holds the actual exception that was caught, so you can inspect details like excinfo.value.args after the fact.",https://docs.pytest.org/en/stable/how-to/assert.html,343
pytest.warns,"pytest.warns is pytest.raises's counterpart for warnings — with pytest.warns(UserWarning): asserts the code inside actually triggers that warning, which is otherwise easy to miss since a warning alone doesn't fail a test.",https://docs.pytest.org/en/stable/how-to/capture-warnings.html,351
pytest-mock,"pytest-mock is a plugin (installed separately with pip) that adds the mocker fixture, giving you a cleaner interface over Python's built-in unittest.mock for replacing real objects with fakes during a test.",https://pypi.org/project/pytest-mock/,361
mocker,"mocker is the fixture pytest-mock provides for patching things during a test — most commonly via mocker.patch(""module.func"") — and it automatically undoes every patch it made once the test finishes, no manual cleanup required.",https://pytest-mock.readthedocs.io/en/latest/,361
return_value,"Setting a mock's return_value fixes what it hands back every time it's called, e.g. mocker.patch(""module.func"").return_value = 42 makes every call to that function return 42 instead of running the real code.",https://docs.python.org/3/library/unittest.mock.html#unittest.mock.Mock.return_value,370
side_effect,"A mock's side_effect controls more complex behavior than a fixed return_value — it can be an exception to raise, or a function to run, letting the fake react differently depending on how it's called.",https://docs.python.org/3/library/unittest.mock.html#unittest.mock.Mock.side_effect,370
assert_called_with,"mock.assert_called_with(...) checks that a mock was actually called, and with exactly the arguments you expect — it's how you verify your code talked to a dependency correctly without hitting the real thing.",https://docs.python.org/3/library/unittest.mock.html#unittest.mock.Mock.assert_called_with,370
coverage,"Test coverage is the percentage of your code's lines (or branches) that actually ran while your test suite executed — a useful signal for finding untested code, but not proof that what did run was checked correctly.",https://en.wikipedia.org/wiki/Code_coverage,388
pytest-cov,"pytest-cov is a plugin (installed separately) that adds the --cov option to pytest, turning a normal test run into one that also measures and reports code coverage.",https://pypi.org/project/pytest-cov/,379
branch coverage,"Branch coverage is a stricter form of coverage tracking (turned on with --cov-branch) that checks both sides of every if/else actually ran, catching cases plain line coverage misses — like an else that never executes.",https://coverage.readthedocs.io/en/latest/branch.html,388
pytest-xdist,"A pytest plugin that runs your test suite across several worker processes at once instead of one test after another, so a big suite finishes in a fraction of the wall-clock time on a multi-core machine.",https://pytest-xdist.readthedocs.io/,451
test isolation,"The property that one test's setup, data, and side effects can't leak into another test. It's easy to get away with weak isolation when tests run one at a time in a fixed order, but running them in parallel (or in a different order) exposes the gap immediately.",https://docs.pytest.org/en/stable/explanation/anatomy.html,161
ini options,"pytest settings written under a config file's [tool.pytest.ini_options] section (in pyproject.toml) or a plain pytest.ini/setup.cfg file, so options like test paths and markers live in one checked-in place instead of being retyped on the command line every time.",https://docs.pytest.org/en/stable/reference/customize.html,479
addopts,"An ini option that lists command-line flags pytest should apply automatically on every run, such as -v or --strict-markers, without anyone having to remember to type them.",https://docs.pytest.org/en/stable/reference/customize.html,470
testpaths,"An ini option that tells pytest which directories to search for tests by default, so running plain `pytest` from anywhere in the project still finds the right files.",https://docs.pytest.org/en/stable/reference/reference.html,470
src layout,"A project structure where your installable package lives inside a src/ folder (src/mypackage/) with a separate tests/ directory next to it, rather than at the repository root. It forces tests to import the package as it would actually be installed, catching packaging mistakes a flatter layout would hide.",https://docs.pytest.org/en/stable/explanation/goodpractices.html,486
editable install,"An installation (`pip install -e .`) that links a package's source files directly into your environment instead of copying them, so edits to the code are picked up immediately -- this is what lets pytest import a src-layout package by name without reinstalling after every change.",https://pip.pypa.io/en/stable/topics/local-project-installs/,487
anti-pattern,"A coding habit that looks reasonable on the surface but reliably causes problems down the line -- in testing, things like asserting on private internals, over-mocking, or reusing an overly broad fixture everywhere are classic examples this course calls out by name.",https://en.wikipedia.org/wiki/Anti-pattern,516
-v,The pytest flag that prints one line per test with its result.,https://docs.pytest.org/en/stable/how-to/output.html,
-x,The pytest flag that stops the run after the first failing test.,https://docs.pytest.org/en/stable/how-to/failures.html,
-k,The pytest flag that runs only tests whose names match an expression.,https://docs.pytest.org/en/stable/how-to/usage.html,
-m,The pytest flag that runs only tests carrying a given marker.,https://docs.pytest.org/en/stable/how-to/mark.html,
-n,The pytest-xdist flag that runs tests in parallel across the given number of worker processes.,https://pytest-xdist.readthedocs.io/en/stable/,
--pdb,The pytest flag that drops into the Python debugger when a test fails.,https://docs.pytest.org/en/stable/how-to/failures.html,
--cov,The pytest-cov flag that measures which lines of a package the tests ran.,https://pytest-cov.readthedocs.io/en/latest/config.html,
--cov-branch,The pytest-cov flag that also measures whether both sides of each branch were run.,https://pytest-cov.readthedocs.io/en/latest/config.html,
pyproject.toml,The project settings file where pytest reads its options under the [tool.pytest.ini_options] table.,https://docs.pytest.org/en/stable/reference/customize.html,
ini_options,The [tool.pytest.ini_options] table in pyproject.toml that holds pytest's settings.,https://docs.pytest.org/en/stable/reference/customize.html,
setup.cfg,An older settings file that pytest can read under a [tool:pytest] section.,https://docs.pytest.org/en/stable/reference/customize.html,
_test.py,"The file-name ending pytest recognises when it looks for test files, as in `login_test.py`.",https://docs.pytest.org/en/stable/explanation/goodpractices.html,
ValueError,The exception Python raises when a value has the right type but is not acceptable.,https://docs.python.org/3/library/exceptions.html#ValueError,
AssertionError,The exception raised when an assert statement fails.,https://docs.python.org/3/library/exceptions.html#AssertionError,
DeprecationWarning,A warning category for features that will be removed in a future version.,https://docs.python.org/3/library/exceptions.html#DeprecationWarning,
UserWarning,"The default warning category, for warnings issued by your own code.",https://docs.python.org/3/library/exceptions.html#UserWarning,
TestCase,The base class for tests written in the standard library's unittest style.,https://docs.python.org/3/library/unittest.html#unittest.TestCase,
assertEqual,"The unittest method that checks two values are equal, unlike pytest's plain assert.",https://docs.python.org/3/library/unittest.html#unittest.TestCase.assertEqual,9
readouterr,"The capsys method that returns everything printed so far, as out and err.",https://docs.pytest.org/en/stable/how-to/capture-stdout-stderr.html,197
print(),The built-in function that writes text to standard output.,https://docs.python.org/3/library/functions.html#print,
close(),The method that releases a file or connection when you are finished with it.,https://docs.python.org/3/library/io.html#io.IOBase.close,
assert_called_once,The mock method that checks the mock was called exactly once.,https://docs.python.org/3/library/unittest.mock.html#unittest.mock.Mock.assert_called_once,
HTTP,HyperText Transfer Protocol: the protocol web browsers and servers use to exchange pages and data.,https://en.wikipedia.org/wiki/HTTP,
API,Application programming interface: a defined way for one program to ask another for something.,https://en.wikipedia.org/wiki/API,
CPU,Central processing unit: the processor that executes a program's instructions.,https://en.wikipedia.org/wiki/Central_processing_unit,
OS,Operating system: the software that manages a computer's hardware and runs other programs.,https://en.wikipedia.org/wiki/Operating_system,
